item,$19.99 Crispy Feast,10 pc Grilled Wings,10 pc Grilled Wings Combo,10 pc Mixed Wings,10 pc Mixed Wings Combo,10 pc Spicy Wings,10 pc Spicy Wings Combo,100 pc Family Grilled Wings,100 pc Family Mixed Wings,100 pc Family Spicy Wings,100 pc Grilled Wings,100 pc Mixed Wings,100 pc Spicy Wings,15 pc Crispy Strips,15 pc Grilled Wings,15 pc Grilled Wings Combo,15 pc Mixed Wings,15 pc Mixed Wings Combo,15 pc Spicy Wings,15 pc Spicy Wings Combo,2 pc Crispy Strips,20 Oz Soda,20 pc Crispy Strips,20 pc Grilled Wings,20 pc Mixed Wings,20 pc Spicy Wings,20pc Spicy Feast Deal,24 pc Family Grilled Wings,24 pc Family Mixed Wings,24 pc Family Spicy Wings,25 pc Game Day Pack,3 Strips Lunch,3 pc Crispy Strips Combo,3 pc Grilled Wings,30 pc Crispy Strips,30 pc Family Grilled Wings,30 pc Family Mixed Wings,30 pc Family Spicy Wings,30 pc Grilled Wings,30 pc Mixed Wings,30 pc Spicy Wings,32 Oz Soda,3pc Strips Box,4 pc Crispy Strips,40 pc Family Grilled Wings,40 pc Family Mixed Wings,40 pc Family Spicy Wings,5 pc Crispy Strips Combo,5 pc Grilled Wings,5 pc Spicy Wings,50 pc Family Grilled Wings,50 pc Family Mixed Wings,50 pc Family Spicy Wings,50 pc Grilled Wings,50 pc Mixed Wings,50 pc Spicy Wings,6 pc Grilled Wings Combo,6 pc Mixed Wings Combo,6 pc Spicy Wings Combo,6 pc Strips Meal for 2,7 pc Crispy Strips,75 pc Family Grilled Wings,75 pc Family Mixed Wings,75 pc Family Spicy Wings,75 pc Grilled Wings,75 pc Mixed Wings,75 pc Spicy Wings,8 pc Crispy Strips Combo,8 pc Grilled Wings,8 pc Grilled Wings Combo,8 pc Mixed Wings Combo,8 pc Spicy Wings Combo,8pc Grilled Box,8pc Wings Box,Add 5 Grilled Wings,Add 5 Spicy Wings,Blue Cheese Dip - Large,Blue Cheese Dip - Regular,Bottled Beverage,Bottled Cream Soda,Bottled Root Beer,Bottled Sparkling Water,Bottled Water,Buffalo Fries,Can Soda,Carrot Sticks,Celery Sticks,Cheese Dip - Large,Cheese Dip - Medium,Cheese Dip - Regular,Cheese Fries - Large,Cheese Fries - Regular,Chicken Sub,Chicken Sub Combo,Dipping Sauce,Domestic Draft Lager,Domestic Lager,Domestic Lager Special,Drink Upgrade,Extra Sauce,Flavor Platter,Flavor Platter Grilled,Fried Corn - Large,Fried Corn - Regular,Grilled Lunch Combo,Honey Mustard Dip - Large,Honey Mustard Dip - Regular,Hot Honey Strips 3pc,Large Buffalo Fries,Large Carrot Sticks,Large Celery Sticks,Large Fruit Punch,Large Lemonade,Large Veggie Sticks,Large Veggie Sticks Spicy,Legendary Feast Bundle,Premium Lager,Ranch Dip - Large,Ranch Dip - Regular,Regular Buffalo Fries,Seasoning Pack,Sports Drink,Sub Box,Triple Chocolate Cake,Triple Feast Deal,Veggie Sticks,Veggie Sticks Spicy,Voodoo Fries - Large,Voodoo Fries - Regular,Wings Lunch Combo
$19.99 Crispy Feast,57,1,1,1,0,0,2,0,0,0,0,0,0,0,1,1,0,0,1,0,2,4,0,0,0,0,0,0,0,0,0,0,1,0,0,0,2,0,0,0,0,3,0,0,0,0,0,3,0,0,0,0,0,0,0,0,2,0,1,0,0,0,0,0,0,0,0,0,0,1,0,1,0,0,1,4,0,1,0,0,0,0,0,0,0,1,0,0,1,0,0,0,2,1,4,0,0,0,0,0,0,0,2,2,0,0,0,0,1,0,0,1,0,1,0,0,0,4,16,4,0,0,0,1,0,0,0,0,0,0
10 pc Grilled Wings,1,67043,3444,351,198,5075,1191,7,5,3,4,0,2,171,1914,425,76,46,1169,116,4080,1097,48,990,50,239,4996,139,32,38,528,48,1210,3,12,243,57,72,444,28,70,948,3,2008,82,42,34,1100,0,0,151,54,22,59,4,16,2522,86,1427,230,1475,29,9,6,2,2,2,163,0,2013,120,1084,23,1,2440,2022,663,6621,12,2,1,2,22,323,1,365,277,98,380,845,424,658,2713,1608,2541,0,4,0,1,0,1142,35,2120,3927,7,84,1385,109,4976,35,30,186,0,152,1189,114,1,5820,38946,13425,7,0,4,496,4,772,2275,587,1587,8
10 pc Grilled Wings Combo,1,3444,166664,122,1525,2539,8217,5,3,0,0,0,0,103,760,872,36,80,676,238,11575,1213,25,372,21,92,5254,151,36,57,423,133,3500,0,5,151,36,61,59,4,10,907,4,2048,67,9,39,3612,2,2,55,15,15,5,0,4,11134,408,5730,306,1041,7,6,7,0,0,0,282,0,11412,590,5008,27,5,8958,5422,489,5920,17,1,0,3,13,182,0,420,201,223,1280,1416,171,351,3754,3695,6263,2,5,0,14,0,856,15,3772,6409,9,129,2392,106,1914,83,34,187,0,291,1230,97,2,8186,46345,4471,29,0,7,1747,1,894,3376,299,733,25
10 pc Mixed Wings,1,351,122,4541,93,313,74,0,1,1,0,0,0,16,82,18,49,13,63,6,281,104,1,45,53,18,149,2,6,1,7,5,74,0,1,6,11,0,15,20,2,67,0,123,5,9,1,65,1,0,1,17,0,0,3,0,101,49,74,11,78,0,1,0,0,0,0,9,0,96,43,70,1,1,157,178,36,456,1,0,0,0,0,50,0,44,33,6,28,64,43,59,194,128,134,0,0,0,0,0,35,1,218,308,0,5,139,5,390,1,4,4,0,8,69,2,0,366,2943,1156,0,0,0,34,0,83,140,50,164,0
10 pc Mixed Wings Combo,0,198,1525,93,14251,173,731,0,0,0,0,0,0,3,40,61,15,25,36,17,1129,170,1,24,9,6,273,7,4,0,14,4,277,0,0,11,13,1,4,1,0,62,0,187,5,7,0,327,0,0,3,6,0,0,0,0,631,308,524,15,76,1,0,0,1,0,0,25,0,610,369,373,0,3,560,558,52,470,1,0,0,1,3,17,0,60,21,13,80,158,17,48,320,340,418,0,1,0,2,1,45,0,320,683,0,23,227,8,151,12,5,16,0,36,96,5,0,715,4013,447,2,0,0,169,0,104,273,31,63,1
10 pc Spicy Wings,0,5075,2539,313,173,59039,1016,22,7,4,6,0,0,84,1296,510,75,48,2642,86,2563,2237,16,935,63,258,3499,378,50,27,375,80,991,0,6,393,93,87,286,25,110,1354,4,1226,194,59,33,661,0,0,137,64,24,42,9,16,1805,85,1080,128,723,19,23,1,7,2,2,72,0,1648,88,744,0,5,1387,2057,386,3499,8,2,0,2,38,507,0,236,107,88,306,894,464,1181,2205,1894,1525,0,1,0,2,0,605,22,1675,3299,3,81,1407,72,5114,36,14,92,0,100,778,168,0,5008,31620,15749,2,0,2,406,0,427,1588,764,2319,26
10 pc Spicy Wings Combo,2,1191,8217,74,731,1016,57397,8,4,2,2,0,0,29,430,449,23,47,239,167,2801,615,4,223,16,94,1411,157,29,19,120,55,1359,0,6,188,38,43,34,5,12,465,2,687,73,26,13,1409,1,1,39,14,7,5,2,1,2934,168,3492,101,383,6,3,2,2,0,1,93,0,3374,279,2929,9,4,794,1823,155,1764,4,0,0,2,9,85,0,132,51,78,397,580,90,183,1514,1706,1562,0,0,0,3,1,202,3,1090,2109,1,53,945,26,724,45,19,63,0,84,341,59,1,3031,16014,1616,4,0,0,738,0,212,902,131,302,23
100 pc Family Grilled Wings,0,7,5,0,0,22,8,1946,18,54,10,1,5,16,6,6,0,0,3,2,22,6,9,36,0,4,16,10,2,3,2,0,2,0,12,29,3,16,10,1,7,8,0,12,14,0,9,4,0,0,66,6,19,22,0,7,1,0,4,0,12,22,3,2,7,0,1,2,0,3,0,2,0,0,21,32,35,17,0,0,0,0,1,1,0,0,0,25,9,1,2,0,25,2,56,0,0,0,0,0,3,0,79,9,0,5,9,0,50,0,0,84,0,2,10,0,0,241,117,16,1,0,0,10,0,0,4,4,0,0
100 pc Family Mixed Wings,0,5,3,1,0,7,4,18,1008,9,3,3,1,7,2,1,1,4,4,1,26,4,3,3,3,3,11,5,10,2,1,1,6,0,7,3,11,6,4,2,4,9,0,7,6,7,4,5,0,0,5,18,4,1,7,6,1,0,0,1,5,1,10,4,1,0,2,1,0,1,0,2,0,0,27,23,22,11,0,0,0,0,1,1,0,0,0,11,9,0,1,1,19,3,22,0,0,0,0,0,3,0,25,5,0,5,3,1,24,1,0,58,0,0,4,0,0,111,51,5,0,0,0,8,0,0,0,1,2,0
100 pc Family Spicy Wings,0,3,0,1,0,4,2,54,9,571,3,1,6,1,1,0,0,0,5,0,4,2,2,3,0,6,8,1,0,1,0,0,0,0,4,6,0,7,1,0,6,6,0,3,0,0,7,1,0,0,5,1,21,3,0,12,1,0,1,0,7,4,1,7,1,0,3,0,0,0,0,0,0,0,0,3,3,6,0,0,0,0,0,0,0,0,0,2,3,1,0,1,10,1,5,0,0,0,0,0,0,0,22,1,0,2,0,1,14,0,0,28,0,0,2,0,0,52,40,7,0,0,0,6,0,0,0,2,0,0
100 pc Grilled Wings,0,4,0,0,0,6,2,10,3,3,548,5,9,2,1,1,0,0,0,0,1,0,2,15,0,2,5,0,0,0,2,0,1,0,5,2,0,3,18,1,5,6,0,3,0,0,0,1,0,0,1,2,2,44,3,11,0,0,0,0,2,2,0,0,12,1,2,0,0,1,1,1,0,0,6,4,59,18,0,0,0,0,0,0,0,3,2,1,0,2,1,1,6,0,6,0,0,0,0,0,1,0,28,7,0,5,3,0,58,0,1,3,0,1,13,0,0,255,149,31,0,0,0,1,0,1,0,2,3,0
100 pc Mixed Wings,0,0,0,0,0,0,0,1,3,1,5,182,3,0,0,0,0,0,0,1,1,0,0,3,2,1,1,0,0,0,0,0,0,0,0,0,0,0,2,1,1,1,0,1,0,0,0,1,0,0,0,1,0,6,8,10,0,0,1,0,1,0,1,0,1,1,0,0,0,0,0,1,0,0,2,3,25,11,0,0,0,0,0,1,0,2,2,0,0,4,6,0,1,0,1,0,0,0,0,0,0,0,13,7,0,5,2,0,29,0,0,2,0,2,5,0,0,96,50,21,0,0,0,0,0,3,1,1,2,0
100 pc Spicy Wings,0,2,0,0,0,0,0,5,1,6,9,3,198,1,2,0,0,0,1,1,0,1,1,1,0,7,0,0,0,1,0,0,0,0,2,0,0,0,0,0,9,0,0,2,0,0,0,0,0,0,0,0,0,6,0,15,0,0,2,0,1,0,0,2,1,1,1,0,0,0,0,0,0,0,0,1,17,6,0,0,0,0,0,0,0,0,0,0,0,2,1,2,4,0,0,0,0,0,0,0,0,0,16,0,0,4,2,0,25,0,0,0,0,1,12,0,0,95,38,13,0,0,0,0,0,0,0,0,2,0
15 pc Crispy Strips,0,171,103,16,3,84,29,16,7,1,2,0,1,3550,93,47,15,0,20,5,111,69,4,102,9,23,93,64,6,5,16,4,36,0,12,92,31,14,51,7,9,107,0,43,63,17,9,33,0,0,64,22,8,9,5,5,49,4,25,5,57,18,6,4,6,1,1,7,0,38,0,18,0,0,46,42,34,77,0,0,0,0,3,35,0,27,7,29,73,45,81,71,131,57,147,0,0,0,0,0,17,0,280,278,0,10,37,2,1039,5,3,41,0,14,76,6,0,544,525,926,0,0,0,29,0,28,73,178,172,0
15 pc Grilled Wings,1,1914,760,82,40,1296,430,6,2,1,1,0,2,93,34791,98,40,4,637,37,1697,469,19,368,13,121,1741,22,4,18,144,12,425,0,3,47,16,28,113,5,28,778,1,826,13,4,10,378,0,0,29,6,8,13,0,5,535,17,418,47,580,7,5,1,2,1,1,49,0,448,23,323,4,0,735,872,622,3524,11,3,0,1,11,191,0,265,146,55,235,481,363,309,1004,482,1455,0,2,0,0,0,379,4,1273,2023,1,65,679,25,4289,19,20,119,0,102,792,12,0,4528,19148,9193,1,0,1,270,0,606,1364,366,943,2
15 pc Grilled Wings Combo,1,425,872,18,61,510,449,6,1,0,1,0,0,47,98,43452,8,55,134,120,3225,117,8,27,5,11,999,35,2,18,116,14,545,0,1,36,7,20,5,0,0,75,0,613,12,5,7,499,0,1,9,5,1,1,0,0,642,27,631,58,294,1,2,1,1,0,0,75,0,531,52,396,1,0,2455,1604,117,888,1,0,0,0,1,72,0,147,60,58,432,328,90,146,902,519,1950,1,2,0,2,1,232,4,1475,2458,1,18,361,1,1027,37,6,46,1,144,666,14,1,2098,7580,1732,2,0,1,317,0,405,1572,101,253,2
15 pc Mixed Wings,0,76,36,49,15,75,23,0,1,0,0,0,0,15,40,8,2832,6,32,2,151,37,1,18,17,16,70,0,0,0,8,1,39,0,0,2,6,0,4,3,2,57,1,49,0,2,1,24,0,0,2,5,0,1,1,0,20,10,23,6,36,0,2,0,0,0,0,9,0,24,13,24,0,0,46,75,50,297,1,0,0,0,0,38,0,33,20,7,17,40,32,35,115,56,103,0,0,0,0,0,22,1,118,207,0,6,76,1,406,1,1,6,0,9,44,2,0,348,1769,871,0,0,0,19,0,71,110,46,96,0
15 pc Mixed Wings Combo,0,46,80,13,25,48,47,0,4,0,0,0,0,0,4,55,6,6539,8,23,492,30,0,5,2,1,60,8,4,6,12,2,58,0,0,5,12,4,1,0,0,10,0,113,0,1,1,52,0,0,3,2,0,0,0,0,64,16,61,7,34,0,0,1,0,0,0,14,0,64,12,45,1,0,227,335,15,122,1,0,0,0,1,24,0,40,12,7,53,56,5,27,141,95,229,0,1,0,0,0,19,0,176,423,0,5,59,2,124,10,1,14,0,28,86,2,0,315,1105,250,1,0,0,53,0,57,222,19,67,0
15 pc Spicy Wings,1,1169,676,63,36,2642,239,3,4,5,0,0,1,20,637,134,32,8,24640,23,881,651,8,288,20,130,786,86,8,8,79,18,276,0,1,111,20,15,103,6,29,1019,0,301,51,9,11,177,0,0,49,15,9,15,3,7,385,20,254,41,229,7,10,2,3,0,3,12,0,368,20,167,1,1,340,631,319,1497,4,0,1,0,15,235,0,88,45,39,128,329,253,435,681,474,577,0,0,0,0,0,180,11,735,1039,2,49,575,8,3083,16,12,65,0,43,326,56,0,2937,10917,5281,0,1,0,219,0,156,515,450,900,5
15 pc Spicy Wings Combo,0,116,238,6,17,86,167,2,1,0,0,1,1,5,37,120,2,23,23,6480,244,32,1,28,1,9,87,42,4,7,17,4,81,0,1,42,11,7,7,0,1,15,1,70,11,5,0,89,0,0,8,5,6,1,0,0,165,8,143,8,43,0,1,0,0,0,0,11,0,143,9,130,1,1,86,196,19,96,0,0,0,1,0,20,0,13,6,14,45,37,19,30,169,128,167,0,0,0,0,1,14,0,196,320,0,8,74,0,145,8,3,11,0,8,76,6,0,345,1180,222,0,0,0,61,0,24,131,24,52,2
2 pc Crispy Strips,2,4080,11575,281,1129,2563,2801,22,26,4,1,1,0,111,1697,3225,151,492,881,244,84162,1156,40,1384,142,138,10268,2017,575,145,1510,214,6299,0,30,1911,627,272,385,74,46,993,3,1740,687,293,90,2711,1,1,357,174,57,58,10,8,7227,427,2699,990,1304,61,37,17,10,2,3,525,2,6791,558,2199,14,2,3249,3589,342,2562,17,1,0,1,11,205,0,217,97,199,948,1141,293,478,3142,6064,3462,1,3,0,3,0,2826,157,2374,4017,11,66,1401,393,4178,36,16,331,0,114,875,455,1,6273,21994,7936,12,0,8,735,0,446,1912,497,1005,64
20 Oz Soda,4,1097,1213,104,170,2237,615,6,4,2,0,0,1,69,469,117,37,30,651,32,1156,21355,14,303,54,131,8140,536,157,74,267,24,429,0,3,450,140,154,59,9,22,858,1,676,141,73,41,391,0,1,59,19,19,5,4,5,826,64,662,289,711,13,5,4,1,2,1,30,0,783,80,493,1,0,488,638,61,487,8,1,0,4,42,171,1,74,33,39,176,294,111,296,914,596,715,0,5,0,4,0,1115,38,532,1324,2,27,273,128,1277,12,2,78,0,28,198,120,5,1218,5733,3275,5,0,1,372,3,144,473,197,642,5
20 pc Crispy Strips,0,48,25,1,1,16,4,9,3,2,2,0,1,4,19,8,1,0,8,1,40,14,1252,22,5,8,21,16,4,2,9,0,6,0,18,19,3,4,16,0,4,23,0,21,7,4,2,11,0,0,15,4,5,8,3,1,9,0,5,3,9,14,4,2,1,0,1,3,0,5,2,4,0,0,15,15,17,20,0,0,0,0,0,15,1,9,3,13,18,11,26,13,46,17,57,0,0,0,0,0,7,0,152,112,0,1,19,0,508,2,3,25,0,10,68,4,0,193,153,294,0,0,0,3,0,19,35,87,51,0
20 pc Grilled Wings,0,990,372,45,24,935,223,36,3,3,15,3,1,102,368,27,18,5,288,28,1384,303,22,31439,26,232,1292,17,4,7,117,9,220,0,10,27,5,17,102,4,42,604,0,593,19,3,12,242,0,0,19,3,2,14,0,14,204,9,203,38,493,1,2,1,2,1,2,35,0,175,13,164,4,2,1011,762,773,3181,8,0,0,0,1,164,0,251,180,69,217,410,407,338,812,296,1138,0,1,0,0,0,274,4,1490,1853,1,65,640,13,5475,25,29,159,0,94,936,3,0,5682,16520,8697,3,0,0,230,0,658,1141,445,812,1
20 pc Mixed Wings,0,50,21,53,9,63,16,0,3,0,0,2,0,9,13,5,17,2,20,1,142,54,5,26,3681,10,84,2,1,1,6,0,32,0,1,2,3,1,4,6,2,83,0,83,2,2,1,23,0,0,0,4,0,0,0,1,30,4,14,3,43,1,1,0,0,0,0,6,0,10,7,11,0,0,105,144,63,369,1,0,0,0,0,32,0,52,27,7,28,54,63,51,100,34,87,0,0,0,0,0,18,1,160,257,0,10,102,0,706,3,2,8,0,14,66,0,0,648,2229,1247,0,0,0,29,0,126,119,61,135,1
20 pc Spicy Wings,0,239,92,18,6,258,94,4,3,6,2,1,7,23,121,11,16,1,130,9,138,131,8,232,10,4974,81,13,2,1,10,0,46,0,3,20,4,7,53,5,34,235,0,104,20,3,6,54,0,0,28,8,6,15,2,5,48,2,68,2,95,15,5,1,6,0,1,7,0,53,2,52,0,1,54,131,128,414,0,0,0,0,1,74,0,31,14,17,33,86,83,82,206,82,103,0,0,0,0,0,30,1,200,239,0,19,178,2,650,4,1,34,0,10,95,0,0,896,2884,1250,0,0,0,55,0,69,121,128,224,0
20pc Spicy Feast Deal,0,4996,5254,149,273,3499,1411,16,11,8,5,1,0,93,1741,999,70,60,786,87,10268,8140,21,1292,84,81,267974,763,81,24,771,113,1069,1,4,924,140,89,255,18,25,9914,4,1674,282,50,15,921,2,2,216,44,12,50,8,5,2553,101,1355,275,832,47,7,4,6,2,2,121,1,2589,154,1081,13,10,7520,8848,562,3127,59,2,2,3,64,541,0,670,275,460,1925,2125,716,1091,7529,3216,5323,0,17,1,3,1,2197,64,7487,9793,10,154,1570,104,7585,194,83,2350,0,636,2678,649,2,11608,26235,10604,23,0,12,1970,0,1260,4405,1261,1994,28
24 pc Family Grilled Wings,0,139,151,2,7,378,157,10,5,1,0,0,0,64,22,35,0,8,86,42,2017,536,16,17,2,13,763,33951,12,48,76,0,301,0,4,15,5,13,0,0,1,573,0,502,8,0,5,251,1,0,9,0,7,0,0,1,153,1,192,35,277,2,0,1,1,0,0,61,0,118,6,152,4,1,760,981,113,417,20,1,0,2,7,61,0,23,12,141,528,226,74,100,772,322,1790,0,3,0,1,0,158,1,1244,1219,0,10,121,10,1534,8,1,159,0,32,253,5,1,1935,2532,1282,1,0,0,174,0,42,242,137,211,0
24 pc Family Mixed Wings,0,32,36,6,4,50,29,2,10,0,0,0,0,6,4,2,0,4,8,4,575,157,4,4,1,2,81,12,8115,6,5,0,52,0,0,4,10,3,0,0,0,146,1,123,0,4,2,45,0,0,2,3,1,1,0,0,28,10,29,7,46,0,1,0,0,0,0,8,1,21,5,23,0,0,197,296,21,106,8,0,0,2,1,11,0,7,0,35,143,52,24,35,191,66,361,0,3,0,0,0,12,0,318,368,0,4,28,3,377,3,1,31,0,9,61,3,0,393,651,306,2,0,0,57,0,18,51,32,57,0
24 pc Family Spicy Wings,0,38,57,1,0,27,19,3,2,1,0,0,1,5,18,18,0,6,8,7,145,74,2,7,1,1,24,48,6,3141,2,0,20,0,1,16,5,2,3,0,1,82,0,39,12,3,3,12,0,0,12,1,4,0,0,0,21,1,17,7,15,4,0,1,0,0,0,2,0,26,4,15,0,0,35,77,12,43,2,0,0,0,2,7,1,2,1,10,25,19,12,22,95,29,82,0,0,0,0,0,6,0,120,117,0,3,8,0,163,4,1,61,0,9,22,3,0,176,224,83,1,0,0,23,0,3,19,20,25,1
25 pc Game Day Pack,0,528,423,7,14,375,120,2,1,0,2,0,0,16,144,116,8,12,79,17,1510,267,9,117,6,10,771,76,5,2,33108,9,99,0,1,90,9,3,38,1,3,120,0,263,14,4,3,106,0,0,23,9,0,5,0,1,217,7,117,0,150,3,0,1,1,0,0,21,0,210,6,86,0,0,1163,1467,97,451,0,0,0,0,2,70,0,0,0,82,210,169,97,115,646,371,617,0,1,0,3,0,182,0,354,393,0,22,239,0,1505,0,1,38,0,1,566,189,0,1665,3512,1217,2,0,0,153,0,2,594,202,255,2
3 Strips Lunch,0,48,133,5,4,80,55,0,1,0,0,0,0,4,12,14,1,2,18,4,214,24,0,9,0,0,113,0,0,0,9,4916,23,0,0,5,0,4,0,0,1,7,0,31,2,1,2,52,0,0,0,1,1,1,0,0,124,7,73,6,14,1,0,0,0,1,0,2,0,79,5,56,1,0,153,119,8,182,0,0,0,0,0,5,0,1,1,2,11,68,3,12,143,131,155,0,0,0,0,0,26,0,51,183,25,4,122,4,23,0,0,2,0,0,9,3,0,126,2157,110,0,0,0,29,0,6,39,8,22,71
3 pc Crispy Strips Combo,1,1210,3500,74,277,991,1359,2,6,0,1,0,0,36,425,545,39,58,276,81,6299,429,6,220,32,46,1069,301,52,20,99,23,54478,0,2,279,81,34,63,5,6,285,4,666,106,32,16,2255,0,0,43,17,8,7,6,0,4237,269,2800,169,317,10,6,2,0,0,0,132,0,3266,234,1725,10,1,970,884,80,720,1,0,0,2,6,71,0,120,43,39,385,776,58,133,1114,1777,2258,0,1,0,1,0,130,8,870,2763,2,20,544,79,616,12,8,44,0,34,250,53,0,1872,10517,1615,6,0,1,413,0,159,878,101,317,14
3 pc Grilled Wings,0,3,0,0,0,0,0,0,0,0,0,0,0,0,0,0,0,0,0,0,0,0,0,0,0,0,1,0,0,0,0,0,0,6,0,0,0,0,0,0,0,0,0,0,0,0,0,0,0,0,0,0,0,0,0,0,1,0,0,0,0,0,0,0,0,0,0,0,0,1,0,0,0,0,0,1,0,0,0,0,0,0,0,0,0,0,0,0,0,0,0,0,0,0,0,0,0,0,0,0,0,0,0,0,0,0,1,0,0,0,0,0,0,0,0,0,0,0,2,1,0,0,0,0,0,0,0,0,0,0
30 pc Crispy Strips,0,12,5,1,0,6,6,12,7,4,5,0,2,12,3,1,0,0,1,1,30,3,18,10,1,3,4,4,0,1,1,0,2,0,543,9,2,0,5,0,3,6,0,11,6,0,0,1,0,0,11,3,0,15,0,1,0,0,2,0,8,6,3,0,5,1,1,1,0,2,0,5,0,0,8,7,14,7,0,0,0,0,0,7,0,2,1,7,7,7,20,1,21,4,20,0,0,0,0,0,1,0,78,31,0,4,5,0,218,3,1,7,0,4,17,0,0,108,49,101,0,0,0,3,0,9,18,22,21,0
30 pc Family Grilled Wings,0,243,151,6,11,393,188,29,3,6,2,0,0,92,47,36,2,5,111,42,1911,450,19,27,2,20,924,15,4,16,90,5,279,0,9,38833,21,86,9,1,4,545,0,574,17,0,14,233,1,0,15,1,9,0,0,0,140,6,161,61,408,6,0,1,0,0,0,49,0,89,10,137,4,2,1001,1262,225,501,16,0,1,3,5,62,1,41,16,167,417,228,163,135,921,353,1608,1,0,0,1,0,197,9,2051,1129,0,18,185,18,3046,17,8,515,1,74,403,7,3,3294,2849,1363,5,0,1,208,0,81,256,235,218,1
30 pc Family Mixed Wings,2,57,36,11,13,93,38,3,11,0,0,0,0,31,16,7,6,12,20,11,627,140,3,5,3,4,140,5,10,5,9,0,81,0,2,21,11393,10,0,1,1,191,0,178,2,4,1,70,1,0,2,4,0,0,0,0,27,4,36,18,98,0,0,0,0,0,0,12,0,17,2,22,0,0,340,521,53,160,8,0,0,0,2,20,0,5,3,44,128,97,54,48,291,81,427,0,4,0,0,0,40,3,525,390,0,4,47,4,1004,4,0,163,0,23,109,3,0,876,854,432,1,0,0,73,0,25,83,97,101,0
30 pc Family Spicy Wings,0,72,61,0,1,87,43,16,6,7,3,0,0,14,28,20,0,4,15,7,272,154,4,17,1,7,89,13,3,2,3,4,34,0,0,86,10,7633,10,0,0,158,0,101,23,5,1,42,0,0,10,4,4,2,0,1,35,0,35,14,60,7,0,0,1,0,0,6,0,24,2,22,0,0,64,236,24,98,1,0,0,0,5,16,0,7,1,23,70,48,27,24,210,87,143,0,0,0,0,0,27,5,309,241,0,9,43,9,582,2,0,136,1,8,40,3,0,602,539,258,0,0,0,58,0,13,38,64,65,0
30 pc Grilled Wings,0,444,59,15,4,286,34,10,4,1,18,2,0,51,113,5,4,1,103,7,385,59,16,102,4,53,255,0,0,3,38,0,63,0,5,9,0,10,11677,6,34,115,0,224,1,0,1,52,0,0,5,0,3,7,1,8,40,1,41,11,174,2,1,0,2,0,2,7,0,25,1,23,0,0,344,236,576,875,4,0,0,1,0,60,0,85,53,23,49,105,141,82,242,71,381,0,1,0,0,0,64,0,634,537,0,42,166,0,1979,5,5,51,0,40,413,5,0,3844,4220,2276,1,0,0,66,0,253,282,181,210,0
30 pc Mixed Wings,0,28,4,20,1,25,5,1,2,0,1,1,0,7,5,0,3,0,6,0,74,9,0,4,6,5,18,0,0,0,1,0,5,0,0,1,1,0,6,1823,1,16,0,27,0,0,0,7,0,0,1,0,0,1,1,1,2,2,10,0,24,0,0,0,0,1,0,2,0,3,0,2,0,0,51,71,90,133,1,0,0,0,0,17,0,27,19,4,9,18,31,19,48,10,47,0,0,0,0,0,2,1,102,95,0,13,31,0,322,4,0,13,0,3,51,0,0,616,720,445,0,0,1,14,0,70,45,28,42,0
30 pc Spicy Wings,0,70,10,2,0,110,12,7,4,6,5,1,9,9,28,0,2,0,29,1,46,22,4,42,2,34,25,1,0,1,3,1,6,0,3,4,1,0,34,1,2075,46,0,31,3,0,0,7,0,0,5,0,3,6,1,3,9,0,9,6,14,5,1,0,2,0,0,4,0,4,0,12,0,0,20,70,80,129,0,0,0,0,0,17,0,10,6,7,6,41,39,25,57,12,28,0,0,0,0,0,2,0,101,77,0,18,55,0,338,3,0,9,0,2,52,0,0,698,829,426,0,0,0,14,0,31,31,58,62,0
32 Oz Soda,3,948,907,67,62,1354,465,8,9,6,6,1,0,107,778,75,57,10,1019,15,993,858,23,604,83,235,9914,573,146,82,120,7,285,0,6,545,191,158,115,16,46,21950,0,451,182,78,56,303,0,0,88,45,25,39,8,9,505,27,344,320,665,12,12,6,0,1,1,23,0,499,36,288,2,1,379,561,148,523,1,0,0,2,26,142,0,58,65,75,303,248,201,271,929,445,783,0,1,0,5,0,1657,55,845,1181,1,38,292,95,1665,21,11,132,0,47,294,171,0,1967,4986,2171,2,0,1,497,3,120,450,321,481,4
3pc Strips Box,0,3,4,0,0,4,2,0,0,0,0,0,0,0,1,0,1,0,0,1,3,1,0,0,0,0,4,0,1,0,0,0,4,0,0,0,0,0,0,0,0,0,109,1,0,0,0,1,0,0,0,0,0,0,0,0,3,2,2,0,0,0,0,0,0,0,0,1,0,2,0,3,11,4,4,3,0,0,0,0,0,0,0,0,0,1,0,0,1,1,0,0,5,3,4,0,0,0,0,0,2,0,2,9,0,0,1,0,1,0,0,0,0,0,0,0,0,4,24,6,0,0,5,2,0,1,0,0,0,0
4 pc Crispy Strips,0,2008,2048,123,187,1226,687,12,7,3,3,1,2,43,826,613,49,113,301,70,1740,676,21,593,83,104,1674,502,123,39,263,31,666,0,11,574,178,101,224,27,31,451,1,24192,260,108,56,696,0,0,143,65,34,34,6,3,1504,87,895,106,668,35,23,4,4,3,1,150,0,1369,114,598,9,4,661,685,171,760,3,0,0,1,13,185,0,110,43,63,259,371,193,344,1496,1081,1188,0,2,0,0,0,292,12,1055,1930,6,34,357,41,2207,18,8,102,0,64,385,94,0,2276,6406,5162,2,0,4,282,0,181,674,341,898,12
40 pc Family Grilled Wings,0,82,67,5,5,194,73,14,6,0,0,0,0,63,13,12,0,0,51,11,687,141,7,19,2,20,282,8,0,12,14,2,106,0,6,17,2,23,1,0,3,182,0,260,17179,2,12,80,0,0,2,1,3,0,0,0,36,2,79,14,215,2,0,0,0,0,0,27,0,31,4,53,1,0,298,439,95,176,7,0,0,0,1,24,0,6,6,133,183,75,70,39,376,134,696,0,1,0,0,0,56,0,936,322,0,14,65,6,1419,3,2,299,0,6,95,3,0,1683,979,441,1,0,1,98,0,9,48,96,78,0
40 pc Family Mixed Wings,0,42,9,9,7,59,26,0,7,0,0,0,0,17,4,5,2,1,9,5,293,73,4,3,2,3,50,0,4,3,4,1,32,0,0,0,4,5,0,0,0,78,0,108,2,6874,2,31,0,0,1,6,0,0,0,0,7,1,17,8,78,0,0,1,0,0,0,9,0,11,0,11,0,0,124,245,40,85,1,0,0,0,0,7,0,1,0,59,96,45,26,15,181,52,305,0,1,0,1,0,11,0,309,146,0,4,27,3,534,1,1,140,0,2,28,0,0,597,384,172,0,0,0,34,0,5,11,54,40,0
40 pc Family Spicy Wings,0,34,39,1,0,33,13,9,4,7,0,0,0,9,10,7,1,1,11,0,90,41,2,12,1,6,15,5,2,3,3,2,16,0,0,14,1,1,1,0,0,56,0,56,12,2,3531,16,0,0,3,0,3,0,0,0,10,0,4,5,34,3,1,0,1,0,0,4,0,10,0,6,0,1,39,90,22,39,0,0,0,0,0,3,1,1,0,17,30,19,18,8,81,30,65,0,0,0,0,0,4,1,135,51,0,4,10,1,252,0,0,58,0,1,11,0,0,282,205,76,0,0,1,15,0,1,9,23,22,0
5 pc Crispy Strips Combo,3,1100,3612,65,327,661,1409,4,5,1,1,1,0,33,378,499,24,52,177,89,2711,391,11,242,23,54,921,251,45,12,106,52,2255,0,1,233,70,42,52,7,7,303,1,696,80,31,16,38264,0,1,43,12,9,10,2,5,3019,170,1790,131,462,7,7,1,2,1,0,144,0,2866,200,1395,3,1,732,641,101,728,1,0,0,2,8,62,0,78,37,61,335,666,66,135,1103,1377,1986,1,0,0,5,0,167,6,887,1866,3,48,636,34,636,15,5,64,0,54,264,43,0,2570,9228,1427,7,0,1,411,0,142,596,116,257,4
5 pc Grilled Wings,0,0,2,1,0,0,1,0,0,0,0,0,0,0,0,0,0,0,0,0,1,0,0,0,0,0,2,1,0,0,0,0,0,0,0,1,1,0,0,0,0,0,0,0,0,0,0,0,13,0,0,0,0,0,0,0,1,0,1,0,0,0,0,0,0,0,0,0,0,1,0,0,0,0,0,1,0,2,0,0,0,0,0,0,0,0,0,0,0,0,0,0,1,1,1,0,0,0,0,0,0,0,0,0,0,0,0,0,1,0,0,0,0,0,0,0,0,1,6,1,1,0,0,0,0,0,0,0,0,0
5 pc Spicy Wings,0,0,2,0,0,0,1,0,0,0,0,0,0,0,0,1,0,0,0,0,1,1,0,0,0,0,2,0,0,0,0,0,0,0,0,0,0,0,0,0,0,0,0,0,0,0,0,1,0,9,0,0,0,0,0,0,0,0,0,0,0,0,0,0,0,0,0,0,0,1,0,0,0,0,0,1,0,0,0,0,0,0,0,0,0,0,0,0,1,0,0,0,0,2,2,0,0,0,0,0,0,0,1,2,0,0,0,0,0,0,0,1,0,0,0,0,0,0,1,1,0,0,0,1,0,0,1,0,0,0
50 pc Family Grilled Wings,0,151,55,1,3,137,39,66,5,5,1,0,0,64,29,9,2,3,49,8,357,59,15,19,0,28,216,9,2,12,23,0,43,0,11,15,2,10,5,1,5,88,0,143,2,1,3,43,0,0,10458,2,21,2,0,3,20,0,28,13,126,5,2,3,1,0,0,12,0,18,1,28,0,0,228,265,102,144,2,0,0,1,2,9,0,9,3,120,110,40,34,15,210,56,421,0,1,0,0,0,55,0,569,145,0,12,54,1,535,1,1,249,0,6,48,1,0,1598,761,114,0,0,0,50,0,9,25,60,30,0
50 pc Family Mixed Wings,0,54,15,17,6,64,14,6,18,1,2,1,0,22,6,5,5,2,15,5,174,19,4,3,4,8,44,0,3,1,9,1,17,0,3,1,4,4,0,0,0,45,0,65,1,6,0,12,0,0,2,4528,1,0,0,0,5,2,9,4,57,2,3,0,0,0,0,1,0,8,2,5,0,0,109,191,50,81,0,0,0,0,0,5,0,2,1,55,70,33,20,6,115,25,166,1,0,0,0,0,13,0,255,65,0,3,20,1,237,1,0,107,0,3,22,1,0,620,323,66,0,0,0,22,0,0,12,25,11,0
50 pc Family Spicy Wings,0,22,15,0,0,24,7,19,4,21,2,0,0,8,8,1,0,0,9,6,57,19,5,2,0,6,12,7,1,4,0,1,8,0,0,9,0,4,3,0,3,25,0,34,3,0,3,9,0,0,21,1,2376,3,0,1,2,1,1,0,29,7,0,0,0,0,0,1,0,1,0,3,1,0,30,81,30,42,0,0,0,0,1,4,0,0,0,18,20,10,11,3,73,19,24,0,0,0,0,0,6,0,100,23,0,2,12,1,63,0,0,54,0,1,15,0,0,254,132,18,0,0,1,15,0,1,6,16,4,0
50 pc Grilled Wings,0,59,5,0,0,42,5,22,1,3,44,6,6,9,13,1,1,0,15,1,58,5,8,14,0,15,50,0,1,0,5,1,7,0,15,0,0,2,7,1,6,39,0,34,0,0,0,10,0,0,2,0,3,3071,1,13,8,0,1,2,38,1,0,0,3,0,2,1,0,2,1,4,0,0,52,29,204,170,0,0,0,0,1,18,0,23,18,4,14,14,27,12,63,10,75,0,0,0,0,0,16,0,188,105,0,21,22,1,499,2,2,27,0,12,129,0,0,1370,870,468,0,0,0,11,0,48,49,48,51,0
50 pc Mixed Wings,0,4,0,3,0,9,2,0,7,0,3,8,0,5,0,0,1,0,3,0,10,4,3,0,0,2,8,0,0,0,0,0,6,0,0,0,0,0,1,1,1,8,0,6,0,0,0,2,0,0,0,0,0,1,742,2,0,0,0,0,9,0,0,0,0,0,0,0,0,0,0,0,0,0,5,11,48,31,0,0,0,0,0,0,0,7,5,2,4,6,11,6,18,6,17,0,0,0,0,0,1,0,45,25,0,6,16,0,151,0,0,6,0,6,26,1,0,340,243,134,0,0,0,1,0,17,12,12,12,0
50 pc Spicy Wings,0,16,4,0,0,16,1,7,6,12,11,10,15,5,5,0,0,0,7,0,8,5,1,14,1,5,5,1,0,0,1,0,0,0,1,0,0,1,8,1,3,9,0,3,0,0,0,5,0,0,3,0,1,13,2,822,1,0,1,0,9,0,0,0,2,0,0,0,0,3,0,0,0,0,7,14,47,41,0,0,0,0,0,7,0,3,1,1,3,6,21,8,24,5,4,0,0,0,0,0,2,0,37,27,0,9,16,0,163,1,0,7,0,0,21,0,0,382,251,122,0,0,0,10,0,10,15,25,18,0
6 pc Grilled Wings Combo,2,2522,11134,101,631,1805,2934,1,1,1,0,0,0,49,535,642,20,64,385,165,7227,826,9,204,30,48,2553,153,28,21,217,124,4237,1,0,140,27,35,40,2,9,505,3,1504,36,7,10,3019,1,0,20,5,2,8,0,1,117894,866,9654,205,653,3,1,1,0,0,0,199,0,13722,709,4602,25,5,2493,2237,125,2260,12,1,1,1,8,111,0,341,138,94,875,956,89,266,2592,3233,4487,0,3,0,13,0,412,10,1969,5341,1,44,1096,101,999,44,20,62,0,119,657,76,2,3128,26554,3128,14,0,1,882,0,585,2600,150,454,61
6 pc Mixed Wings Combo,0,86,408,49,308,85,168,0,0,0,0,0,0,4,17,27,10,16,20,8,427,64,0,9,4,2,101,1,10,1,7,7,269,0,0,6,4,0,1,2,0,27,2,87,2,1,0,170,0,0,0,2,1,0,0,0,866,7668,628,4,25,0,0,0,0,0,0,14,0,459,408,284,3,1,121,123,8,131,0,0,0,0,1,5,1,33,11,1,50,90,5,16,211,210,223,0,0,0,1,0,10,0,108,394,0,5,84,6,47,4,3,3,0,19,21,2,0,176,1764,209,0,0,2,44,0,50,126,10,41,1
6 pc Spicy Wings Combo,1,1427,5730,74,524,1080,3492,4,0,1,0,1,2,25,418,631,23,61,254,143,2699,662,5,203,14,68,1355,192,29,17,117,73,2800,0,2,161,36,35,41,10,9,344,2,895,79,17,4,1790,1,0,28,9,1,1,0,1,9654,628,72234,118,384,7,1,0,0,0,0,95,0,6106,591,4834,12,7,830,1256,97,1254,3,1,0,1,11,95,0,178,61,64,436,730,71,191,1731,2415,2133,0,2,0,11,0,177,7,1169,3503,2,33,830,58,709,29,6,35,0,69,339,55,0,2107,16298,1955,9,0,3,576,0,246,1295,135,399,18
6 pc Strips Meal for 2,0,230,306,11,15,128,101,0,1,0,0,0,0,5,47,58,6,7,41,8,990,289,3,38,3,2,275,35,7,7,0,6,169,0,0,61,18,14,11,0,6,320,0,106,14,8,5,131,0,0,13,4,0,2,0,0,205,4,118,7287,30,3,4,0,0,0,0,0,0,156,16,70,0,0,160,74,22,119,0,0,0,0,3,8,0,0,0,16,73,85,10,22,157,116,231,0,0,0,0,0,70,17,140,223,0,3,67,57,84,0,0,27,0,0,21,7,0,385,915,142,0,0,0,54,0,0,46,17,36,2
7 pc Crispy Strips,0,1475,1041,78,76,723,383,12,5,7,2,1,1,57,580,294,36,34,229,43,1304,711,9,493,43,95,832,277,46,15,150,14,317,0,8,408,98,60,174,24,14,665,0,668,215,78,34,462,0,0,126,57,29,38,9,9,653,25,384,30,18416,35,18,5,4,4,1,59,0,658,52,310,2,1,371,390,103,470,1,0,0,0,10,182,0,93,59,61,165,268,276,357,898,513,799,0,0,0,0,0,186,4,925,1549,0,26,244,12,2456,14,4,117,0,49,333,54,0,1831,3699,5221,0,0,0,213,0,194,457,475,1068,2
75 pc Family Grilled Wings,0,29,7,0,1,19,6,22,1,4,2,0,0,18,7,1,0,0,7,0,61,13,14,1,1,15,47,2,0,4,3,1,10,0,6,6,0,7,2,0,5,12,0,35,2,0,3,7,0,0,5,2,7,1,0,0,3,0,7,3,35,3316,0,8,1,1,0,2,0,4,0,6,0,0,34,52,32,33,2,0,0,0,0,2,0,0,0,35,18,16,11,3,60,15,126,0,0,0,0,0,7,0,144,20,0,7,20,0,115,0,0,88,0,1,15,0,0,453,134,13,0,0,0,9,0,0,4,14,8,1
75 pc Family Mixed Wings,0,9,6,1,0,23,3,3,10,1,0,1,0,6,5,2,2,0,10,1,37,5,4,2,1,5,7,0,1,0,0,0,6,0,3,0,0,0,1,0,1,12,0,23,0,0,1,7,0,0,2,3,0,0,0,0,1,0,1,4,18,0,1811,0,0,0,0,3,0,2,0,1,0,0,26,40,21,29,0,0,0,0,0,3,0,0,0,39,30,10,5,2,43,5,73,0,0,0,0,0,0,0,82,9,0,3,10,0,44,0,0,57,0,3,4,0,0,207,73,16,0,0,0,8,0,0,0,6,4,0
75 pc Family Spicy Wings,0,6,7,0,0,1,2,2,4,7,0,0,2,4,1,1,0,1,2,0,17,4,2,1,0,1,4,1,0,1,1,0,2,0,0,1,0,0,0,0,0,6,0,4,0,1,0,1,0,0,3,0,0,0,0,0,1,0,0,0,5,8,0,870,1,0,0,1,0,0,0,2,0,0,4,8,4,10,0,0,0,0,0,0,0,1,0,3,5,3,0,1,25,2,18,0,0,0,0,0,0,0,24,2,0,2,2,0,21,0,0,23,0,2,3,0,0,81,32,7,0,0,0,2,0,0,0,3,2,0
75 pc Grilled Wings,0,2,0,0,1,7,2,7,1,1,12,1,1,6,2,1,0,0,3,0,10,1,1,2,0,6,6,1,0,0,1,0,0,0,5,0,0,1,2,0,2,0,0,4,0,0,1,2,0,0,1,0,0,3,0,2,0,0,0,0,4,1,0,1,728,1,5,2,0,2,0,0,0,0,1,6,44,26,0,0,0,0,0,6,0,2,8,4,2,2,5,0,10,7,15,0,0,0,0,0,0,0,39,22,0,10,11,0,129,1,0,6,0,2,31,0,0,362,198,82,0,0,0,2,0,8,7,14,13,0
75 pc Mixed Wings,0,2,0,0,0,2,0,0,0,0,1,1,1,1,1,0,0,0,0,0,2,2,0,1,0,0,2,0,0,0,0,1,0,0,1,0,0,0,0,1,0,1,0,3,0,0,0,1,0,0,0,0,0,0,0,0,0,0,0,0,4,1,0,0,1,193,0,0,0,0,0,0,0,0,1,3,12,7,1,0,0,0,0,3,0,5,2,0,1,3,2,0,3,0,4,0,0,0,0,0,0,0,13,8,0,6,3,0,41,0,1,4,0,2,10,0,0,87,58,30,0,0,0,0,0,7,4,3,3,0
75 pc Spicy Wings,0,2,0,0,0,2,1,1,2,3,2,0,1,1,1,0,0,0,3,0,3,1,1,2,0,1,2,0,0,0,0,0,0,0,1,0,0,0,2,0,0,1,0,1,0,0,0,0,0,0,0,0,0,2,0,0,0,0,0,0,1,0,0,0,5,0,232,1,0,0,0,0,0,0,4,2,19,9,0,0,0,0,0,2,0,2,0,2,1,1,5,3,3,2,3,0,0,0,0,0,2,0,12,3,0,4,3,0,49,0,0,0,0,2,10,0,0,104,67,34,0,0,0,0,0,2,2,4,5,0
8 pc Crispy Strips Combo,0,163,282,9,25,72,93,2,1,0,0,0,0,7,49,75,9,14,12,11,525,30,3,35,6,7,121,61,8,2,21,2,132,0,1,49,12,6,7,2,4,23,1,150,27,9,4,144,0,0,12,1,1,1,0,0,199,14,95,0,59,2,3,1,2,0,1,6164,0,166,18,80,0,0,167,98,30,106,0,0,0,0,0,14,0,18,11,16,88,125,18,38,182,112,395,0,0,0,1,0,25,0,240,433,0,11,81,0,206,8,3,10,0,12,68,9,0,469,1011,364,1,0,0,78,0,41,128,27,94,0
8 pc Grilled Wings,0,0,0,0,0,0,0,0,0,0,0,0,0,0,0,0,0,0,0,0,2,0,0,0,0,0,1,0,1,0,0,0,0,0,0,0,0,0,0,0,0,0,0,0,0,0,0,0,0,0,0,0,0,0,0,0,0,0,0,0,0,0,0,0,0,0,0,0,4,1,1,0,0,0,0,0,0,0,0,0,0,0,0,0,0,0,0,0,0,0,0,0,0,0,1,0,0,0,0,0,0,0,0,1,0,0,0,0,1,0,0,0,0,0,0,0,0,1,1,1,0,0,0,0,0,0,0,1,0,0
8 pc Grilled Wings Combo,1,2013,11412,96,610,1648,3374,3,1,0,1,0,0,38,448,531,24,64,368,143,6791,783,5,175,10,53,2589,118,21,26,210,79,3266,1,2,89,17,24,25,3,4,499,2,1369,31,11,10,2866,1,1,18,8,1,2,0,3,13722,459,6106,156,658,4,2,0,2,0,0,166,1,117595,959,6655,30,3,2216,2214,157,3372,12,1,0,2,14,148,0,314,166,111,890,974,96,243,2135,2875,4738,1,1,0,20,0,457,9,1982,4978,6,44,1423,87,907,67,21,74,0,152,726,58,1,3924,30316,3043,12,0,3,1010,0,613,2409,169,447,30
8 pc Mixed Wings Combo,0,120,590,43,369,88,279,0,0,0,1,0,0,0,23,52,13,12,20,9,558,80,2,13,7,2,154,6,5,4,6,5,234,0,0,10,2,2,1,0,0,36,0,114,4,0,0,200,0,0,1,2,0,1,0,0,709,408,591,16,52,0,0,0,0,0,0,18,1,959,9942,560,4,0,125,160,13,255,0,0,0,0,0,16,0,36,6,5,54,118,10,29,210,231,296,0,0,0,2,0,21,0,164,547,0,12,148,3,59,3,0,11,0,17,49,3,0,293,2506,302,1,0,0,91,0,63,179,13,46,2
8 pc Spicy Wings Combo,1,1084,5008,70,373,744,2929,2,2,0,1,1,0,18,323,396,24,45,167,130,2199,493,4,164,11,52,1081,152,23,15,86,56,1725,0,5,137,22,22,23,2,12,288,3,598,53,11,6,1395,0,0,28,5,3,4,0,0,4602,284,4834,70,310,6,1,2,0,0,0,80,0,6655,560,59308,11,4,644,876,105,1369,2,0,0,1,11,91,0,155,54,55,385,584,60,153,1207,1769,1584,0,1,0,4,0,170,2,923,2338,1,41,807,30,564,24,18,38,0,50,268,38,0,2085,15533,1481,4,0,2,677,0,223,962,106,248,20
8pc Grilled Box,0,23,27,1,0,0,9,0,0,0,0,0,0,0,4,1,0,1,1,1,14,1,0,4,0,0,13,4,0,0,0,1,10,0,0,4,0,0,0,0,0,2,11,9,1,0,0,3,0,0,0,0,1,0,0,0,25,3,12,0,2,0,0,0,0,0,0,0,0,30,4,11,444,12,14,14,1,11,0,0,0,0,0,0,0,1,0,1,4,5,0,3,13,10,20,0,0,0,0,0,3,0,9,13,0,0,4,0,2,1,0,0,0,2,0,0,0,17,81,18,0,0,11,10,0,3,1,1,0,0
8pc Wings Box,0,1,5,1,3,5,4,0,0,0,0,0,0,0,0,0,0,0,1,1,2,0,0,2,0,1,10,1,0,0,0,0,1,0,0,2,0,0,0,0,0,1,4,4,0,0,1,1,0,0,0,0,0,0,0,0,5,1,7,0,1,0,0,0,0,0,0,0,0,3,0,4,12,130,1,2,0,3,0,0,0,0,0,0,0,0,1,0,0,0,0,0,7,4,6,0,0,0,0,0,1,0,2,4,0,0,2,0,3,1,0,1,0,0,0,0,0,6,20,4,0,0,1,1,0,0,0,1,2,0
Add 5 Grilled Wings,1,2440,8958,157,560,1387,794,21,27,0,6,2,0,46,735,2455,46,227,340,86,3249,488,15,1011,105,54,7520,760,197,35,1163,153,970,0,8,1001,340,64,344,51,20,379,4,661,298,124,39,732,0,0,228,109,30,52,5,7,2493,121,830,160,371,34,26,4,1,1,4,167,0,2216,125,644,14,1,41710,2836,239,1617,11,1,0,2,6,75,0,186,89,99,481,508,187,249,1740,2524,1813,0,2,0,3,0,2206,70,1381,1774,9,23,508,65,2686,50,33,163,0,139,662,363,1,3084,10273,3906,6,0,3,340,0,436,1136,206,420,34
Add 5 Spicy Wings,4,2022,5422,178,558,2057,1823,32,23,3,4,3,1,42,872,1604,75,335,631,196,3589,638,15,762,144,131,8848,981,296,77,1467,119,884,1,7,1262,521,236,236,71,70,561,3,685,439,245,90,641,1,1,265,191,81,29,11,14,2237,123,1256,74,390,52,40,8,6,3,2,98,0,2214,160,876,14,2,2836,42789,233,1479,8,0,0,3,6,135,0,150,58,120,386,475,193,313,1964,3550,1660,0,2,0,3,0,1883,51,1368,1857,10,37,555,34,3172,28,18,217,0,117,603,284,0,3204,10368,4442,2,0,8,351,0,322,974,291,638,55
Blue Cheese Dip - Large,0,663,489,36,52,386,155,35,22,3,59,25,17,34,622,117,50,15,319,19,342,61,17,773,63,128,562,113,21,12,97,8,80,0,14,225,53,24,576,90,80,148,0,171,95,40,22,101,0,0,102,50,30,204,48,47,125,8,97,22,103,32,21,4,44,12,19,30,0,157,13,105,1,0,239,233,6097,455,1,0,0,0,1,33,0,26,29,44,70,26,82,39,170,99,289,0,0,0,1,0,123,9,301,297,3,39,58,6,763,10,7,54,0,46,373,20,0,1018,659,840,1,0,0,88,0,92,258,100,137,6
Blue Cheese Dip - Regular,1,6621,5920,456,470,3499,1764,17,11,6,18,11,6,77,3524,888,297,122,1497,96,2562,487,20,3181,369,414,3127,417,106,43,451,182,720,0,7,501,160,98,875,133,129,523,0,760,176,85,39,728,2,0,144,81,42,170,31,41,2260,131,1254,119,470,33,29,10,26,7,9,106,0,3372,255,1369,11,3,1617,1479,455,37223,10,0,1,4,11,148,0,212,185,73,381,405,262,332,1095,782,1860,1,2,0,1,0,554,36,1150,1982,43,32,704,41,2686,27,17,124,0,138,909,83,0,1521,9669,4999,8,0,1,441,0,653,1813,303,713,59
Bottled Beverage,0,12,17,1,1,8,4,0,0,0,0,0,0,0,11,1,1,1,4,0,17,8,0,8,1,0,59,20,8,2,0,0,1,0,0,16,8,1,4,1,0,1,0,3,7,1,0,1,0,0,2,0,0,0,0,0,12,0,3,0,1,2,0,0,0,1,0,0,0,12,0,2,0,0,11,8,1,10,223,1,0,1,0,0,0,2,1,2,10,0,1,3,7,3,16,0,1,0,0,0,9,0,4,9,0,0,5,0,13,1,0,1,0,2,1,0,0,23,45,18,1,0,0,4,0,7,3,3,4,0
Bottled Cream Soda,0,2,1,0,0,2,0,0,0,0,0,0,0,0,3,0,0,0,0,0,1,1,0,0,0,0,2,1,0,0,0,0,0,0,0,0,0,0,0,0,0,0,0,0,0,0,0,0,0,0,0,0,0,0,0,0,1,0,1,0,0,0,0,0,0,0,0,0,0,1,0,0,0,0,1,0,0,0,1,13,0,0,0,0,0,1,0,0,0,0,0,0,0,0,1,0,0,0,0,0,0,0,0,0,0,0,0,0,0,0,0,0,0,0,0,0,0,0,7,1,0,0,0,0,0,1,1,0,0,0
Bottled Root Beer,0,1,0,0,0,0,0,0,0,0,0,0,0,0,0,0,0,0,1,0,0,0,0,0,0,0,2,0,0,0,0,0,0,0,0,1,0,0,0,0,0,0,0,0,0,0,0,0,0,0,0,0,0,0,0,0,1,0,0,0,0,0,0,0,0,0,0,0,0,0,0,0,0,0,0,0,0,1,0,0,6,1,0,0,0,0,0,0,1,0,0,0,0,0,1,0,0,0,0,0,0,0,0,0,0,0,0,0,0,0,0,0,0,0,0,0,0,0,1,0,0,0,0,0,0,0,0,0,0,0
Bottled Sparkling Water,0,2,3,0,1,2,2,0,0,0,0,0,0,0,1,0,0,0,0,1,1,4,0,0,0,0,3,2,2,0,0,0,2,0,0,3,0,0,1,0,0,2,0,1,0,0,0,2,0,0,1,0,0,0,0,0,1,0,1,0,0,0,0,0,0,0,0,0,0,2,0,1,0,0,2,3,0,4,1,0,1,32,0,0,0,0,0,0,3,0,0,1,0,2,1,0,1,0,0,0,1,0,1,0,0,0,0,0,3,0,0,1,0,0,1,0,0,2,9,3,0,0,0,0,0,1,1,1,1,0
Bottled Water,0,22,13,0,3,38,9,1,1,0,0,0,0,3,11,1,0,1,15,0,11,42,0,1,0,1,64,7,1,2,2,0,6,0,0,5,2,5,0,0,0,26,0,13,1,0,0,8,0,0,2,0,1,1,0,0,8,1,11,3,10,0,0,0,0,0,0,0,0,14,0,11,0,0,6,6,1,11,0,0,0,0,294,1,0,0,0,0,1,3,0,4,16,10,6,0,0,0,0,0,20,1,5,11,0,0,5,3,19,0,0,10,0,2,3,1,0,17,91,35,0,0,0,12,0,2,7,2,9,0
Buffalo Fries,0,323,182,50,17,507,85,1,1,0,0,1,0,35,191,72,38,24,235,20,205,171,15,164,32,74,541,61,11,7,70,5,71,0,7,62,20,16,60,17,17,142,0,185,24,7,3,62,0,0,9,5,4,18,0,7,111,5,95,8,182,2,3,0,6,3,2,14,0,148,16,91,0,0,75,135,33,148,0,0,0,0,1,3659,0,11,7,9,32,57,28,46,228,89,127,0,0,0,0,0,152,4,142,283,1,6,53,7,156,3,1,27,0,11,48,50,0,426,1413,304,0,0,0,56,0,26,89,31,129,0
Can Soda,0,1,0,0,0,0,0,0,0,0,0,0,0,0,0,0,0,0,0,0,0,1,1,0,0,0,0,0,0,1,0,0,0,0,0,1,0,0,0,0,0,0,0,0,0,0,1,0,0,0,0,0,0,0,0,0,0,1,0,0,0,0,0,0,0,0,0,0,0,0,0,0,0,0,0,0,0,0,0,0,0,0,0,0,6,0,0,0,0,0,0,0,1,0,1,0,0,0,0,0,0,0,1,0,0,0,0,0,1,0,0,0,0,0,0,0,0,0,1,0,0,0,0,0,0,0,0,0,0,0
Carrot Sticks,1,365,420,44,60,236,132,0,0,0,3,2,0,27,265,147,33,40,88,13,217,74,9,251,52,31,670,23,7,2,0,1,120,0,2,41,5,7,85,27,10,58,1,110,6,1,1,78,0,0,9,2,0,23,7,3,341,33,178,0,93,0,0,1,2,5,2,18,0,314,36,155,1,0,186,150,26,212,2,1,0,0,0,11,0,3761,112,12,53,62,10,30,116,71,238,0,0,0,0,0,135,0,156,282,0,3,67,0,278,14,4,18,0,10,0,0,0,491,1753,465,2,0,0,59,0,116,0,20,59,1
Celery Sticks,0,277,201,33,21,107,51,0,0,0,2,2,0,7,146,60,20,12,45,6,97,33,3,180,27,14,275,12,0,1,0,1,43,0,1,16,3,1,53,19,6,65,0,43,6,0,0,37,0,0,3,1,0,18,5,1,138,11,61,0,59,0,0,0,8,2,0,11,0,166,6,54,0,1,89,58,29,185,1,0,0,0,0,7,0,112,1864,2,28,31,12,15,33,27,133,0,0,0,0,0,53,0,54,135,0,1,29,0,145,8,17,13,0,5,0,0,0,256,890,240,3,0,0,39,0,66,1,24,24,0
Cheese Dip - Large,0,98,223,6,13,88,78,25,11,2,1,0,0,29,55,58,7,7,39,14,199,39,13,69,7,17,460,141,35,10,82,2,39,0,7,167,44,23,23,4,7,75,0,63,133,59,17,61,0,0,120,55,18,4,2,1,94,1,64,16,61,35,39,3,4,0,2,16,0,111,5,55,1,0,99,120,44,73,2,0,0,0,0,9,0,12,2,2460,17,11,33,9,103,77,209,0,0,0,1,0,166,7,204,128,0,11,23,2,492,2,0,33,0,9,54,9,1,428,416,204,1,0,0,27,0,22,54,46,27,1
Cheese Dip - Medium,1,380,1280,28,80,306,397,9,9,3,0,0,0,73,235,432,17,53,128,45,948,176,18,217,28,33,1925,528,143,25,210,11,385,0,7,417,128,70,49,9,6,303,1,259,183,96,30,335,0,1,110,70,20,14,4,3,875,50,436,73,165,18,30,5,2,1,1,88,0,890,54,385,4,0,481,386,70,381,10,0,1,3,1,32,0,53,28,17,9968,46,67,67,362,303,1017,0,1,0,5,0,603,29,445,787,0,8,154,16,1206,13,8,58,0,32,169,53,0,1008,2361,1091,1,0,1,111,0,88,368,99,117,4
Cheese Dip - Regular,0,845,1416,64,158,894,580,1,0,1,2,4,2,45,481,328,40,56,329,37,1141,294,11,410,54,86,2125,226,52,19,169,68,776,0,7,228,97,48,105,18,41,248,1,371,75,45,19,666,0,0,40,33,10,14,6,6,956,90,730,85,268,16,10,3,2,3,1,125,0,974,118,584,5,0,508,475,26,405,0,0,0,0,3,57,0,62,31,11,46,12298,99,140,425,507,1279,0,0,0,0,0,449,14,545,1102,2,11,304,35,1063,10,6,51,0,28,138,41,0,747,4111,2009,0,0,5,183,0,120,490,109,275,48
Cheese Fries - Large,0,424,171,43,17,464,90,2,1,0,1,6,1,81,363,90,32,5,253,19,293,111,26,407,63,83,716,74,24,12,97,3,58,0,20,163,54,27,141,31,39,201,0,193,70,26,18,66,0,0,34,20,11,27,11,21,89,5,71,10,276,11,5,0,5,2,5,18,0,96,10,60,0,0,187,193,82,262,1,0,0,0,0,28,0,10,12,33,67,99,4850,66,328,95,149,0,1,0,0,0,247,10,378,271,0,16,81,3,374,4,1,36,0,11,119,76,0,734,1395,256,1,0,0,71,0,25,72,119,72,2
Cheese Fries - Regular,0,658,351,59,48,1181,183,0,1,1,1,0,2,71,309,146,35,27,435,30,478,296,13,338,51,82,1091,100,35,22,115,12,133,0,1,135,48,24,82,19,25,271,0,344,39,15,8,135,0,0,15,6,3,12,6,8,266,16,191,22,357,3,2,1,0,0,3,38,0,243,29,153,3,0,249,313,39,332,3,0,0,1,4,46,0,30,15,9,67,140,66,7083,481,175,214,0,0,0,0,0,316,5,279,506,0,9,133,5,219,8,1,34,0,13,84,51,0,638,2473,583,0,0,0,91,0,58,161,59,175,3
Chicken Sub,2,2713,3754,194,320,2205,1514,25,19,10,6,1,4,131,1004,902,115,141,681,169,3142,914,46,812,100,206,7529,772,191,95,646,143,1114,0,21,921,291,210,242,48,57,929,5,1496,376,181,81,1103,1,0,210,115,73,63,18,24,2592,211,1731,157,898,60,43,25,10,3,3,182,0,2135,210,1207,13,7,1740,1964,170,1095,7,0,0,0,16,228,1,116,33,103,362,425,328,481,45257,4494,1328,0,2,0,1,0,1664,25,1383,1841,10,48,413,88,3300,28,13,232,0,67,482,104,1,2551,7891,4383,2,0,3,494,2,230,729,651,902,30
Chicken Sub Combo,1,1608,3695,128,340,1894,1706,2,3,1,0,0,0,57,482,519,56,95,474,128,6064,596,17,296,34,82,3216,322,66,29,371,131,1777,0,4,353,81,87,71,10,12,445,3,1081,134,52,30,1377,1,2,56,25,19,10,6,5,3233,210,2415,116,513,15,5,2,7,0,2,112,0,2875,231,1769,10,4,2524,3550,99,782,3,0,0,2,10,89,0,71,27,77,303,507,95,175,4494,58169,1367,0,4,0,5,0,717,24,1064,1797,12,32,443,63,840,14,4,95,0,45,293,256,2,1920,8111,1782,6,0,5,640,1,126,680,159,369,23
Dipping Sauce,4,2541,6263,134,418,1525,1562,56,22,5,6,1,0,147,1455,1950,103,229,577,167,3462,715,57,1138,87,103,5323,1790,361,82,617,155,2258,0,20,1608,427,143,381,47,28,783,4,1188,696,305,65,1986,1,2,421,166,24,75,17,4,4487,223,2133,231,799,126,73,18,15,4,3,395,1,4738,296,1584,20,6,1813,1660,289,1860,16,1,1,1,6,127,1,238,133,209,1017,1279,149,214,1328,1367,41987,1,4,0,4,0,1623,80,1955,3017,5,37,652,78,3503,41,29,167,0,149,797,217,2,4055,12924,4153,28,0,2,519,0,437,1792,286,553,29
Domestic Draft Lager,0,0,2,0,0,0,0,0,0,0,0,0,0,0,0,1,0,0,0,0,1,0,0,0,0,0,0,0,0,0,0,0,0,0,0,1,0,0,0,0,0,0,0,0,0,0,0,1,0,0,0,1,0,0,0,0,0,0,0,0,0,0,0,0,0,0,0,0,0,1,0,0,0,0,0,0,0,1,0,0,0,0,0,0,0,0,0,0,0,0,0,0,0,0,1,6,0,0,0,0,0,0,1,0,0,0,0,0,0,0,0,0,0,0,0,0,0,2,1,0,0,0,0,0,0,1,0,0,0,0
Domestic Lager,0,4,5,0,1,1,0,0,0,0,0,0,0,0,2,2,0,1,0,0,3,5,0,1,0,0,17,3,3,0,1,0,1,0,0,0,4,0,1,0,0,1,0,2,1,1,0,0,0,0,1,0,0,0,0,0,3,0,2,0,0,0,0,0,0,0,0,0,0,1,0,1,0,0,2,2,0,2,1,0,0,1,0,0,0,0,0,0,1,0,1,0,2,4,4,0,52,0,0,0,0,0,0,2,0,0,0,0,5,0,0,0,0,0,0,0,1,4,11,2,0,0,0,1,0,3,0,0,0,0
Domestic Lager Special,0,0,0,0,0,0,0,0,0,0,0,0,0,0,0,0,0,0,0,0,0,0,0,0,0,0,1,0,0,0,0,0,0,0,0,0,0,0,0,0,0,0,0,0,0,0,0,0,0,0,0,0,0,0,0,0,0,0,0,0,0,0,0,0,0,0,0,0,0,0,0,0,0,0,0,0,0,0,0,0,0,0,0,0,0,0,0,0,0,0,0,0,0,0,0,0,0,1,0,0,0,0,0,0,0,0,0,0,0,0,0,0,0,0,0,0,0,0,0,0,0,0,0,0,0,0,0,0,0,0
Drink Upgrade,0,1,14,0,2,2,3,0,0,0,0,0,0,0,0,2,0,0,0,0,3,4,0,0,0,0,3,1,0,0,3,0,1,0,0,1,0,0,0,0,0,5,0,0,0,1,0,5,0,0,0,0,0,0,0,0,13,1,11,0,0,0,0,0,0,0,0,1,0,20,2,4,0,0,3,3,1,1,0,0,0,0,0,0,0,0,0,1,5,0,0,0,1,5,4,0,0,0,70,0,2,0,0,3,0,0,2,0,0,0,0,0,0,0,2,0,0,4,18,3,0,0,0,1,0,0,0,0,0,0
Extra Sauce,0,0,0,0,1,0,1,0,0,0,0,0,0,0,0,1,0,0,0,1,0,0,0,0,0,0,1,0,0,0,0,0,0,0,0,0,0,0,0,0,0,0,0,0,0,0,0,0,0,0,0,0,0,0,0,0,0,0,0,0,0,0,0,0,0,0,0,0,0,0,0,0,0,0,0,0,0,0,0,0,0,0,0,0,0,0,0,0,0,0,0,0,0,0,0,0,0,0,0,2,0,0,0,0,0,0,0,0,0,0,0,0,0,0,0,0,0,0,0,0,0,0,0,0,0,0,0,0,0,0
Flavor Platter,0,1142,856,35,45,605,202,3,3,0,1,0,0,17,379,232,22,19,180,14,2826,1115,7,274,18,30,2197,158,12,6,182,26,130,0,1,197,40,27,64,2,2,1657,2,292,56,11,4,167,0,0,55,13,6,16,1,2,412,10,177,70,186,7,0,0,0,0,2,25,0,457,21,170,3,1,2206,1883,123,554,9,0,0,1,20,152,0,135,53,166,603,449,247,316,1664,717,1623,0,0,0,2,0,55667,19,2243,2547,1,27,313,18,3093,41,15,708,0,161,791,114,2,2872,4250,2893,4,0,3,417,0,245,1030,455,647,5
Flavor Platter Grilled,0,35,15,1,0,22,3,0,0,0,0,0,0,0,4,4,1,0,11,0,157,38,0,4,1,1,64,1,0,0,0,0,8,0,0,9,3,5,0,1,0,55,0,12,0,0,1,6,0,0,0,0,0,0,0,0,10,0,7,17,4,0,0,0,0,0,0,0,0,9,0,2,0,0,70,51,9,36,0,0,0,0,1,4,0,0,0,7,29,14,10,5,25,24,80,0,0,0,0,0,19,2400,104,111,0,0,18,11,136,0,0,8,0,0,98,2,0,157,170,100,0,0,0,12,0,0,97,17,14,1
Fried Corn - Large,2,2120,3772,218,320,1675,1090,79,25,22,28,13,16,280,1273,1475,118,176,735,196,2374,532,152,1490,160,200,7487,1244,318,120,354,51,870,0,78,2051,525,309,634,102,101,845,2,1055,936,309,135,887,0,1,569,255,100,188,45,37,1969,108,1169,140,925,144,82,24,39,13,12,240,0,1982,164,923,9,2,1381,1368,301,1150,4,0,0,1,5,142,1,156,54,204,445,545,378,279,1383,1064,1955,1,0,0,0,0,2243,104,37011,614,3,77,499,54,4040,51,24,315,0,187,1147,316,0,5604,9705,2878,3,0,4,365,1,309,1127,732,713,10
Fried Corn - Regular,2,3927,6409,308,683,3299,2109,9,5,1,7,7,0,278,2023,2458,207,423,1039,320,4017,1324,112,1853,257,239,9793,1219,368,117,393,183,2763,0,31,1129,390,241,537,95,77,1181,9,1930,322,146,51,1866,0,2,145,65,23,105,25,27,5341,394,3503,223,1549,20,9,2,22,8,3,433,1,4978,547,2338,13,4,1774,1857,297,1982,9,0,0,0,11,283,0,282,135,128,787,1102,271,506,1841,1797,3017,0,2,0,3,0,2547,111,614,58584,22,46,856,125,3344,42,10,236,0,124,1015,441,0,5452,19044,5971,9,0,3,607,1,578,2803,524,1448,47
Grilled Lunch Combo,0,7,9,0,0,3,1,0,0,0,0,0,0,0,1,1,0,0,2,0,11,2,0,1,0,0,10,0,0,0,0,25,2,0,0,0,0,0,0,0,0,1,0,6,0,0,0,3,0,0,0,0,0,0,0,0,1,0,2,0,0,0,0,0,0,0,0,0,0,6,0,1,0,0,9,10,3,43,0,0,0,0,0,1,0,0,0,0,0,2,0,0,10,12,5,0,0,0,0,0,1,0,3,22,462,0,4,0,4,1,0,1,0,0,2,0,0,10,161,4,0,0,0,2,0,2,8,0,1,28
Honey Mustard Dip - Large,0,84,129,5,23,81,53,5,5,2,5,5,4,10,65,18,6,5,49,8,66,27,1,65,10,19,154,10,4,3,22,4,20,0,4,18,4,9,42,13,18,38,0,34,14,4,4,48,0,0,12,3,2,21,6,9,44,5,33,3,26,7,3,2,10,6,4,11,0,44,12,41,0,0,23,37,39,32,0,0,0,0,0,6,0,3,1,11,8,11,16,9,48,32,37,0,0,0,0,0,27,0,77,46,0,1066,57,1,146,0,1,4,0,0,27,1,0,248,175,154,0,0,0,15,0,7,14,23,18,0
Honey Mustard Dip - Regular,0,1385,2392,139,227,1407,945,9,3,0,3,2,2,37,679,361,76,59,575,74,1401,273,19,640,102,178,1570,121,28,8,239,122,544,1,5,185,47,43,166,31,55,292,1,357,65,27,10,636,0,0,54,20,12,22,16,16,1096,84,830,67,244,20,10,2,11,3,3,81,0,1423,148,807,4,2,508,555,58,704,5,0,0,0,5,53,0,67,29,23,154,304,81,133,413,443,652,0,0,0,2,0,313,18,499,856,4,57,14430,32,1061,7,6,63,0,46,199,26,0,745,4299,1999,0,0,0,223,0,130,420,118,233,14
Hot Honey Strips 3pc,0,109,106,5,8,72,26,0,1,1,0,0,0,2,25,1,1,2,8,0,393,128,0,13,0,2,104,10,3,0,0,4,79,0,0,18,4,9,0,0,0,95,0,41,6,3,1,34,0,0,1,1,1,1,0,0,101,6,58,57,12,0,0,0,0,0,0,0,0,87,3,30,0,0,65,34,6,41,0,0,0,0,3,7,0,0,0,2,16,35,3,5,88,63,78,0,0,0,0,0,18,11,54,125,0,1,32,3414,32,0,0,6,0,0,16,10,0,89,477,99,0,0,0,18,0,0,40,5,28,5
Large Buffalo Fries,1,4976,1914,390,151,5114,724,50,24,14,58,29,25,1039,4289,1027,406,124,3083,145,4178,1277,508,5475,706,650,7585,1534,377,163,1505,23,616,0,218,3046,1004,582,1979,322,338,1665,1,2207,1419,534,252,636,1,0,535,237,63,499,151,163,999,47,709,84,2456,115,44,21,129,41,49,206,1,907,59,564,2,3,2686,3172,763,2686,13,0,0,3,19,156,1,278,145,492,1206,1063,374,219,3300,840,3503,0,5,0,0,0,3093,136,4040,3344,4,146,1061,32,59962,85,32,344,0,249,1634,1323,1,10787,19255,3785,7,0,0,550,0,618,1455,610,451,3
Large Carrot Sticks,0,35,83,1,12,36,45,0,1,0,0,0,0,5,19,37,1,10,16,8,36,12,2,25,3,4,194,8,3,4,0,0,12,0,3,17,4,2,5,4,3,21,0,18,3,1,0,15,0,0,1,1,0,2,0,1,44,4,29,0,14,0,0,0,1,0,0,8,0,67,3,24,1,1,50,28,10,27,1,0,0,0,0,3,0,14,8,2,13,10,4,8,28,14,41,0,0,0,0,0,41,0,51,42,1,0,7,0,85,656,15,6,0,11,0,0,0,162,240,56,1,0,0,8,0,11,0,6,8,0
Large Celery Sticks,0,30,34,4,5,14,19,0,0,0,1,0,0,3,20,6,1,1,12,3,16,2,3,29,2,1,83,1,1,1,1,0,8,0,1,8,0,0,5,0,0,11,0,8,2,1,0,5,0,0,1,0,0,2,0,0,20,3,6,0,4,0,0,0,0,1,0,3,0,21,0,18,0,0,33,18,7,17,0,0,0,0,0,1,0,4,17,0,8,6,1,1,13,4,29,0,0,0,0,0,15,0,24,10,0,1,6,0,32,15,305,0,0,1,0,0,0,131,93,36,0,0,0,3,0,8,0,7,4,0
Large Fruit Punch,1,186,187,4,16,92,63,84,58,28,3,2,0,41,119,46,6,14,65,11,331,78,25,159,8,34,2350,159,31,61,38,2,44,0,7,515,163,136,51,13,9,132,0,102,299,140,58,64,0,1,249,107,54,27,6,7,62,3,35,27,117,88,57,23,6,4,0,10,0,74,11,38,0,1,163,217,54,124,1,0,0,1,10,27,0,18,13,33,58,51,36,34,232,95,167,0,0,0,0,0,708,8,315,236,1,4,63,6,344,6,0,6212,0,9,102,18,0,471,667,315,1,0,1,195,1,29,81,45,67,2
Large Lemonade,0,0,0,0,0,0,0,0,0,0,0,0,0,0,0,1,0,0,0,0,0,0,0,0,0,0,0,0,0,0,0,0,0,0,0,1,0,1,0,0,0,0,0,0,0,0,0,0,0,0,0,0,0,0,0,0,0,0,0,0,0,0,0,0,0,0,0,0,0,0,0,0,0,0,0,0,0,0,0,0,0,0,0,0,0,0,0,0,0,0,0,0,0,0,0,0,0,0,0,0,0,0,0,0,0,0,0,0,0,0,0,0,3,0,0,0,0,0,0,0,0,0,0,0,0,0,0,0,0,0
Large Veggie Sticks,1,152,291,8,36,100,84,2,0,0,1,2,1,14,102,144,9,28,43,8,114,28,10,94,14,10,636,32,9,9,1,0,34,0,4,74,23,8,40,3,2,47,0,64,6,2,1,54,0,0,6,3,1,12,6,0,119,19,69,0,49,1,3,2,2,2,2,12,0,152,17,50,2,0,139,117,46,138,2,0,0,0,2,11,0,10,5,9,32,28,11,13,67,45,149,0,0,0,0,0,161,0,187,124,0,0,46,0,249,11,1,9,0,2156,0,0,0,442,733,166,0,0,0,40,0,51,0,33,33,1
Large Veggie Sticks Spicy,0,1189,1230,69,96,778,341,10,4,2,13,5,12,76,792,666,44,86,326,76,875,198,68,936,66,95,2678,253,61,22,566,9,250,0,17,403,109,40,413,51,52,294,0,385,95,28,11,264,0,0,48,22,15,129,26,21,657,21,339,21,333,15,4,3,31,10,10,68,0,726,49,268,0,0,662,603,373,909,1,0,0,1,3,48,0,0,0,54,169,138,119,84,482,293,797,0,0,0,2,0,791,98,1147,1015,2,27,199,16,1634,0,0,102,0,0,12527,45,0,3197,4164,1308,2,0,0,154,0,0,164,145,162,3
Legendary Feast Bundle,0,114,97,2,5,168,59,0,0,0,0,0,0,6,12,14,2,2,56,6,455,120,4,3,0,0,649,5,3,3,189,3,53,0,0,7,3,3,5,0,0,171,0,94,3,0,0,43,0,0,1,1,0,0,1,0,76,2,55,7,54,0,0,0,0,0,0,9,0,58,3,38,0,0,363,284,20,83,0,0,0,0,1,50,0,0,0,9,53,41,76,51,104,256,217,0,0,0,0,0,114,2,316,441,0,1,26,10,1323,0,0,18,0,0,45,7796,0,281,590,2259,0,0,0,28,0,0,44,77,184,2
Premium Lager,0,1,2,0,0,0,1,0,0,0,0,0,0,0,0,1,0,0,0,0,1,5,0,0,0,0,2,1,0,0,0,0,0,0,0,3,0,0,0,0,0,0,0,0,0,0,0,0,0,0,0,0,0,0,0,0,2,0,0,0,0,0,0,0,0,0,0,0,0,1,0,0,0,0,1,0,0,0,0,0,0,0,0,0,0,0,0,1,0,0,0,0,1,2,2,0,1,0,0,0,2,0,0,0,0,0,0,0,1,0,0,0,0,0,0,0,15,0,2,1,0,0,0,0,0,0,0,0,0,0
Ranch Dip - Large,4,5820,8186,366,715,5008,3031,241,111,52,255,96,95,544,4528,2098,348,315,2937,345,6273,1218,193,5682,648,896,11608,1935,393,176,1665,126,1872,0,108,3294,876,602,3844,616,698,1967,4,2276,1683,597,282,2570,1,0,1598,620,254,1370,340,382,3128,176,2107,385,1831,453,207,81,362,87,104,469,1,3924,293,2085,17,6,3084,3204,1018,1521,23,0,0,2,17,426,0,491,256,428,1008,747,734,638,2551,1920,4055,2,4,0,4,0,2872,157,5604,5452,10,248,745,89,10787,162,131,471,0,442,3197,281,0,80610,7985,10141,6,0,6,680,0,842,2621,1314,1909,36
Ranch Dip - Regular,16,38946,46345,2943,4013,31620,16014,117,51,40,149,50,38,525,19148,7580,1769,1105,10917,1180,21994,5733,153,16520,2229,2884,26235,2532,651,224,3512,2157,10517,2,49,2849,854,539,4220,720,829,4986,24,6406,979,384,205,9228,6,1,761,323,132,870,243,251,26554,1764,16298,915,3699,134,73,32,198,58,67,1011,1,30316,2506,15533,81,20,10273,10368,659,9669,45,7,1,9,91,1413,1,1753,890,416,2361,4111,1395,2473,7891,8111,12924,1,11,0,18,0,4250,170,9705,19044,161,175,4299,477,19255,240,93,667,0,733,4164,590,2,7985,302870,42146,42,1,10,2627,5,3245,10366,2378,5876,685
Regular Buffalo Fries,4,13425,4471,1156,447,15749,1616,16,5,7,31,21,13,926,9193,1732,871,250,5281,222,7936,3275,294,8697,1247,1250,10604,1282,306,83,1217,110,1615,1,101,1363,432,258,2276,445,426,2171,6,5162,441,172,76,1427,1,1,114,66,18,468,134,122,3128,209,1955,142,5221,13,16,7,82,30,34,364,1,3043,302,1481,18,4,3906,4442,840,4999,18,1,0,3,35,304,0,465,240,204,1091,2009,256,583,4383,1782,4153,0,2,0,3,0,2893,100,2878,5971,4,154,1999,99,3785,56,36,315,0,166,1308,2259,1,10141,42146,100141,10,0,3,751,4,1011,2874,391,1191,27
Seasoning Pack,0,7,29,0,2,2,4,1,0,0,0,0,0,0,1,2,0,1,0,0,12,5,0,3,0,0,23,1,2,1,2,0,6,0,0,5,1,0,1,0,0,2,0,2,1,0,0,7,1,0,0,0,0,0,0,0,14,0,9,0,0,0,0,0,0,0,0,1,0,12,1,4,0,0,6,2,1,8,1,0,0,0,0,0,0,2,3,1,1,0,1,0,2,6,28,0,0,0,0,0,4,0,3,9,0,0,0,0,7,1,0,1,0,0,2,0,0,6,42,10,131,0,0,1,0,1,2,0,0,0
Sports Drink,0,0,0,0,0,0,0,0,0,0,0,0,0,0,0,0,0,0,1,0,0,0,0,0,0,0,0,0,0,0,0,0,0,0,0,0,0,0,0,0,0,0,0,0,0,0,0,0,0,0,0,0,0,0,0,0,0,0,0,0,0,0,0,0,0,0,0,0,0,0,0,0,0,0,0,0,0,0,0,0,0,0,0,0,0,0,0,0,0,0,0,0,0,0,0,0,0,0,0,0,0,0,0,0,0,0,0,0,0,0,0,0,0,0,0,0,0,0,1,0,0,1,0,0,0,0,0,0,0,0
Sub Box,0,4,7,0,0,2,0,0,0,0,0,0,0,0,1,1,0,0,0,0,8,1,0,0,0,0,12,0,0,0,0,0,1,0,0,1,0,0,0,1,0,1,5,4,1,0,1,1,0,0,0,0,1,0,0,0,1,2,3,0,0,0,0,0,0,0,0,0,0,3,0,2,11,1,3,8,0,1,0,0,0,0,0,0,0,0,0,0,1,5,0,0,3,5,2,0,0,0,0,0,3,0,4,3,0,0,0,0,0,0,0,1,0,0,0,0,0,6,10,3,0,0,116,3,0,0,1,1,4,0
Triple Chocolate Cake,1,496,1747,34,169,406,738,10,8,6,1,0,0,29,270,317,19,53,219,61,735,372,3,230,29,55,1970,174,57,23,153,29,413,0,3,208,73,58,66,14,14,497,2,282,98,34,15,411,0,1,50,22,15,11,1,10,882,44,576,54,213,9,8,2,2,0,0,78,0,1010,91,677,10,1,340,351,88,441,4,0,0,0,12,56,0,59,39,27,111,183,71,91,494,640,519,0,1,0,1,0,417,12,365,607,2,15,223,18,550,8,3,195,0,40,154,28,0,680,2627,751,1,0,3,11389,0,127,284,107,166,11
Triple Feast Deal,0,4,1,0,0,0,0,0,0,0,0,0,0,0,0,0,0,0,0,0,0,3,0,0,0,0,0,0,0,0,0,0,0,0,0,0,0,0,0,0,0,3,0,0,0,0,0,0,0,0,0,0,0,0,0,0,0,0,0,0,0,0,0,0,0,0,0,0,0,0,0,0,0,0,0,0,0,0,0,0,0,0,0,0,0,0,0,0,0,0,0,0,2,1,0,0,0,0,0,0,0,0,1,1,0,0,0,0,0,0,0,1,0,0,0,0,0,0,5,4,0,0,0,0,46,1,0,0,0,0
Veggie Sticks,0,772,894,83,104,427,212,0,0,0,1,3,0,28,606,405,71,57,156,24,446,144,19,658,126,69,1260,42,18,3,2,6,159,0,9,81,25,13,253,70,31,120,1,181,9,5,1,142,0,0,9,0,1,48,17,10,585,50,246,0,194,0,0,0,8,7,2,41,0,613,63,223,3,0,436,322,92,653,7,1,0,1,2,26,0,116,66,22,88,120,25,58,230,126,437,1,3,0,0,0,245,0,309,578,2,7,130,0,618,11,8,29,0,51,0,0,0,842,3245,1011,1,0,0,127,1,7381,0,29,108,1
Veggie Sticks Spicy,0,2275,3376,140,273,1588,902,4,0,0,0,1,0,73,1364,1572,110,222,515,131,1912,473,35,1141,119,121,4405,242,51,19,594,39,878,0,18,256,83,38,282,45,31,450,0,674,48,11,9,596,0,1,25,12,6,49,12,15,2600,126,1295,46,457,4,0,0,7,4,2,128,0,2409,179,962,1,0,1136,974,258,1813,3,1,0,1,7,89,0,0,1,54,368,490,72,161,729,680,1792,0,0,0,0,0,1030,97,1127,2803,8,14,420,40,1455,0,0,81,0,0,164,44,0,2621,10366,2874,2,0,1,284,0,0,25640,102,322,13
Voodoo Fries - Large,0,587,299,50,31,764,131,4,1,2,2,1,0,178,366,101,46,19,450,24,497,197,87,445,61,128,1261,137,32,20,202,8,101,0,22,235,97,64,181,28,58,321,0,341,96,54,23,116,0,0,60,25,16,48,12,25,150,10,135,17,475,14,6,3,14,3,4,27,1,169,13,106,1,1,206,291,100,303,3,0,0,1,2,31,0,20,24,46,99,109,119,59,651,159,286,0,0,0,0,0,455,17,732,524,0,23,118,5,610,6,7,45,0,33,145,77,0,1314,2378,391,0,0,1,107,0,29,102,8079,168,1
Voodoo Fries - Regular,0,1587,733,164,63,2319,302,0,2,0,3,2,2,172,943,253,96,67,900,52,1005,642,51,812,135,224,1994,211,57,25,255,22,317,0,21,218,101,65,210,42,62,481,0,898,78,40,22,257,0,0,30,11,4,51,12,18,454,41,399,36,1068,8,4,2,13,3,5,94,0,447,46,248,0,2,420,638,137,713,4,0,0,1,9,129,0,59,24,27,117,275,72,175,902,369,553,0,0,0,0,0,647,14,713,1448,1,18,233,28,451,8,4,67,0,33,162,184,0,1909,5876,1191,0,0,4,166,0,108,322,168,15301,4
Wings Lunch Combo,0,8,25,0,1,26,23,0,0,0,0,0,0,0,2,2,0,0,5,2,64,5,0,1,1,0,28,0,0,1,2,71,14,0,0,1,0,0,0,0,0,4,0,12,0,0,0,4,0,0,0,0,0,0,0,0,61,1,18,2,2,1,0,0,0,0,0,0,0,30,2,20,0,0,34,55,6,59,0,0,0,0,0,0,0,1,0,1,4,48,2,3,30,23,29,0,0,0,0,0,5,1,10,47,28,0,14,5,3,0,0,2,0,1,3,2,0,36,685,27,0,0,0,11,0,1,13,1,4,1613
